 <CompuCell3D>
 <Potts>
   <Dimensions x="55" y="55" z="1"/>
   <Anneal>0</Anneal>
   <Steps>1000</Steps>
   <Temperature>15</Temperature>
   <Flip2DimRatio>1.0</Flip2DimRatio>
   <Boundary_y>Periodic</Boundary_y>
 </Potts>

 <Plugin Name="PlayerSettings">
    <Project2D XYProj="0"/>
    <Rotate3D XRot="27" YRot="-11"/>
    <Concentration LegendEnable="true" NumberOfLegendBoxes="3"/>
    <VisualControl ScreenshotFrequency="200" ScreenUpdateFrequency="100" NoOutput="true"/>
 </Plugin>


<Plugin Name="CellType">
    <CellType TypeName="Medium" TypeId="0"/>
    <CellType TypeName="Amoeba" TypeId="1" />
    <CellType TypeName="Bacteria" TypeId="2"/>    
 </Plugin>


 <Plugin Name="Volume">
   <TargetVolume>25</TargetVolume>
   <LambdaVolume>15.0</LambdaVolume>
 </Plugin>

 <Plugin Name="Surface">
   <TargetSurface>25</TargetSurface>
   <LambdaSurface>2.0</LambdaSurface>
 </Plugin>


 <Plugin Name="Contact">
   <Energy Type1="Medium" Type2="Medium">0</Energy>
   <Energy Type1="Amoeba" Type2="Amoeba">15</Energy>
   <Energy Type1="Amoeba" Type2="Medium">8</Energy>
   <Energy Type1="Bacteria" Type2="Bacteria">15</Energy>
   <Energy Type1="Bacteria" Type2="Amoeba">15</Energy>
   <Energy Type1="Bacteria" Type2="Medium">8</Energy>
   <Depth>2</Depth>
 </Plugin>


<Plugin Name="Chemotaxis">
   <ChemicalField Source="FlexibleDiffusionSolverFE" Name="FGF">
	<ChemotaxisByType Type="Amoeba" Lambda="3"/>    
	<ChemotaxisByType Type="Bacteria" Lambda="2"/>   	
   </ChemicalField>
   
 </Plugin>


 <Steppable Type="FlexibleDiffusionSolverFE">
     <DiffusionField>
        <DiffusionData>
            <FieldName>FGF</FieldName>
            <DiffusionConstant>0.000</DiffusionConstant>
            <DecayConstant>0.000</DecayConstant>
	    <ConcentrationFileName>amoebaConcentrationField_2D.txt</ConcentrationFileName>
	    <!--DoNotDecayIn>Medium</DoNotDecayIn-->		
<!--            <DeltaT>0.1</DeltaT> -->
<!--            <DeltaX>1.0</DeltaX> -->
            <!--<DoNotDiffuseTo>Amoeba</DoNotDiffuseTo> -->
        </DiffusionData>
    </DiffusionField>
 </Steppable>


 <Steppable Type="PIFInitializer">
    <PIFName>amoebae_2D.pif</PIFName>
 </Steppable>


</CompuCell3D>
