 <CompuCell3D>
 <Potts>
   <Dimensions x="200" y="200" z="1"/>
   <Steps>10000</Steps>
   <Temperature>10</Temperature>
   <NeighborOrder>2</NeighborOrder>
<!--    <LatticeType>Hexagonal</LatticeType> -->
 </Potts>



 <Plugin Name="VolumeLocalFlex"/>


<Plugin Name="CellType">
    <CellType TypeName="Medium" TypeId="0"/>
    <CellType TypeName="Condensing" TypeId="1"/>
    <CellType TypeName="NonCondensing" TypeId="2"/>
    <CellType TypeName="CondensingDifferentiated" TypeId="3"/>
 </Plugin>

 <Plugin Name="Contact">
   <Energy Type1="Medium" Type2="Medium">0</Energy>
   <Energy Type1="NonCondensing" Type2="NonCondensing">16</Energy>
   <Energy Type1="Condensing"    Type2="Condensing">2</Energy>
   <Energy Type1="NonCondensing" Type2="Condensing">11</Energy>
   <Energy Type1="NonCondensing" Type2="Medium">16</Energy>
   <Energy Type1="Condensing"    Type2="Medium">16</Energy>
   <Energy Type1="CondensingDifferentiated" Type2="CondensingDifferentiated">2</Energy>
   <Energy Type1="CondensingDifferentiated" Type2="Condensing">2</Energy>
   <Energy Type1="CondensingDifferentiated" Type2="NonCondensing">11</Energy>
   <Energy Type1="CondensingDifferentiated" Type2="Medium">16</Energy>
   <NeighborOrder>2</NeighborOrder>
 </Plugin>

 <Plugin Name="CenterOfMass"/>
 
 <Steppable Type="FlexibleDiffusionSolverFE">
    <DiffusionField>
       <DiffusionData>
          <FieldName>FGF</FieldName>
          <DiffusionConstant>0.10</DiffusionConstant>
          <DecayConstant>0.00005</DecayConstant>
       </DiffusionData>
       <SecretionData>
          <Secretion Type="NonCondensing">0.05</Secretion>
       </SecretionData>
    </DiffusionField>
    
 </Steppable>
 
 
 
 <Steppable Type="BlobInitializer">
   <Region>
     <Gap>0</Gap>
     <Width>5</Width>
     <Radius>40</Radius>
     <Center x="100" y="100" z="0"/>
     <Types>Condensing,NonCondensing</Types>   
   </Region>
 </Steppable>

</CompuCell3D>
