 <CompuCell3D>
 <Potts>
   <Dimensions x="57" y="57" z="1"/>
   <Anneal>0</Anneal>
   <Steps>1000</Steps>
   <Temperature>15</Temperature>
   <Flip2DimRatio>0.0</Flip2DimRatio>
   <Boundary_y>NoFlux</Boundary_y>
 </Potts>



<Plugin Name="CellType">
    <CellType TypeName="Medium" TypeId="0"/>
    <CellType TypeName="Wall" TypeId="1" Freeze=""/>
 </Plugin>



 <Steppable Type="FlexibleDiffusionSolverFE">
     <DiffusionField>
        <DiffusionData>
            <FieldName>FGF</FieldName>
            <DiffusionConstant>0.010</DiffusionConstant>
            <DecayConstant>0.000</DecayConstant>
	    <ConcentrationFileName>diffusion_2D_wall.pulse.txt</ConcentrationFileName>
	    <!--DoNotDecayIn>Medium</DoNotDecayIn-->		
<!--            <DeltaT>0.1</DeltaT> -->
<!--            <DeltaX>1.0</DeltaX> -->
            <DoNotDiffuseTo>Wall</DoNotDiffuseTo> 
        </DiffusionData>
    </DiffusionField>
 </Steppable>

 <Steppable Type="PIFInitializer">
     <PIFName>diffusion_wall.pif</PIFName>
 </Steppable>
      

</CompuCell3D>
