 <CompuCell3D>
 <Potts>
   <Dimensions x="200" y="200" z="1"/>
   <Anneal>10</Anneal>
   <Steps>500</Steps>
   <Temperature>10</Temperature>
   <Flip2DimRatio>1</Flip2DimRatio>
   <FlipNeighborMaxDistance>1.75</FlipNeighborMaxDistance>
 </Potts>



 <Plugin Name="Volume">
   <TargetVolume>25</TargetVolume>
   <LambdaVolume>2.0</LambdaVolume>
 </Plugin>


 <!--Plugin Name="SurfaceEnergy">
   <TargetSurface>20</TargetSurface>
   <LambdaSurface>1.5</LambdaSurface>
 </Plugin-->

 <!--Plugin Name="CellSortType" /-->
 
 <Plugin Name="CenterOfMass" />

<Plugin Name="CellType">
    <CellType TypeName="Medium" TypeId="0"/>
    <CellType TypeName="Condensing" TypeId="1"/>
    <CellType TypeName="NonCondensing" TypeId="2"/>
 </Plugin>

 <Plugin Name="ContactLocalProduct">






   <ContactSpecificity Type1="Medium" Type2="Medium">0</ContactSpecificity>
   <ContactSpecificity Type1="NonCondensing" Type2="NonCondensing">15</ContactSpecificity>
   <ContactSpecificity Type1="Condensing"    Type2="Condensing">2</ContactSpecificity>
   <ContactSpecificity Type1="NonCondensing" Type2="Condensing">11</ContactSpecificity>
   <ContactSpecificity Type1="NonCondensing" Type2="Medium">16</ContactSpecificity>
   <ContactSpecificity Type1="Condensing"    Type2="Medium">17</ContactSpecificity>
   <Depth>1.75</Depth>
 </Plugin>



 <Steppable Type="BlobInitializer">
   <Gap>0</Gap>
   <Width>5</Width>
   <CellSortInit>yes</CellSortInit>   
   <Radius>40</Radius>
 </Steppable>



</CompuCell3D>
