
 <CompuCell3D>
<Potts>
   <Dimensions x="50" y="50" z="1"/>
   <Anneal>10</Anneal>
   <Steps>10000</Steps>
   <Temperature>5</Temperature> 
   <Flip2DimRatio>1</Flip2DimRatio>
   <NeighborOrder>2</NeighborOrder>
   <Boundary_x>NoFlux</Boundary_x>
   <Boundary_x>Periodic</Boundary_x>
 </Potts>

 <Plugin Name="Volume">
   <TargetVolume>30</TargetVolume>
   <LambdaVolume>2.0</LambdaVolume>
 </Plugin>


<Plugin Name="CellType">
    <CellType TypeName="Medium" TypeId="0"/>
    <CellType TypeName="Body1" TypeId="1"/>
    <CellType TypeName="Body2" TypeId="2"/>    
    <CellType TypeName="Body3" TypeId="3"/>    
 </Plugin>

 <Plugin Name="Contact">
   <Energy Type1="Medium" Type2="Medium">0</Energy>
   <Energy Type1="Body1" Type2="Body1">16</Energy>
   <Energy Type1="Body1" Type2="Medium">4</Energy>
   <Energy Type1="Body2" Type2="Body2">16</Energy>
   <Energy Type1="Body2" Type2="Medium">4</Energy>
   <Energy Type1="Body3" Type2="Body3">16</Energy>
   <Energy Type1="Body3" Type2="Medium">4</Energy>

   <Energy Type1="Body1" Type2="Body2">16</Energy>
   <Energy Type1="Body1" Type2="Body3">16</Energy>
   <Energy Type1="Body2" Type2="Body3">16</Energy>

   <NeighborOrder>2</NeighborOrder>
 </Plugin>

 <Plugin Name="CenterOfMass"/>


  <Plugin Name="LengthConstraintLocalFlex"/>
  
  <Plugin Name="ConnectivityLocalFlex"/>


  <Steppable Type="PIFInitializer">
        <PIFName>elongationFlexTest.pif</PIFName>
  </Steppable>
</CompuCell3D>
