 <CompuCell3D>
 <Potts>
   <Dimensions x="55" y="55" z="1"/>
   <Anneal>0</Anneal>
   <Steps>1000</Steps>
   <Temperature>15</Temperature>
   <Flip2DimRatio>0.0</Flip2DimRatio>
   <Boundary_y>NoFlux</Boundary_y>
 </Potts>



<Plugin Name="CellType">
    <CellType TypeName="Medium" TypeId="0"/>
    <CellType TypeName="Amoeba" TypeId="1"/>
    <CellType TypeName="Bacteria" TypeId="2"/>    
 </Plugin>



 <Steppable Type="FlexibleDiffusionSolverFE">
     <DiffusionField>
        <DiffusionData>
            <FieldName>FGF</FieldName>
            <DiffusionConstant>0.010</DiffusionConstant>
            <DecayConstant>0.000</DecayConstant>
	    <ConcentrationFileName>diffusion_2D.pulse.txt</ConcentrationFileName>
	    <!--DoNotDecayIn>Medium</DoNotDecayIn-->		
<!--            <DeltaT>0.1</DeltaT> -->
<!--            <DeltaX>1.0</DeltaX> -->
            <!--<DoNotDiffuseTo>Amoeba</DoNotDiffuseTo> -->
        </DiffusionData>
    </DiffusionField>
 </Steppable>


</CompuCell3D>
