 <CompuCell3D>
 <Potts>
   <Dimensions x="200" y="200" z="1"/>
   <Anneal>10</Anneal>
   <Steps>500</Steps>
   <Temperature>10</Temperature>
   <Flip2DimRatio>1</Flip2DimRatio>
   <NeighborOrder>2</NeighborOrder>
 </Potts>

 <Plugin Name="VolumeLocalFlex"/>
 
 <Plugin Name="CenterOfMass" />

<Plugin Name="CellType">
    <CellType TypeName="Medium" TypeId="0"/>
    <CellType TypeName="Condensing" TypeId="1"/>
    <CellType TypeName="NonCondensing" TypeId="2"/>
 </Plugin>

 <Plugin Name="Contact">

   <Energy Type1="Medium" Type2="Medium">0</Energy>
   <Energy Type1="NonCondensing" Type2="NonCondensing">16</Energy>
   <Energy Type1="Condensing"    Type2="Condensing">2</Energy>
   <Energy Type1="NonCondensing" Type2="Condensing">11</Energy>
   <Energy Type1="NonCondensing" Type2="Medium">16</Energy>
   <Energy Type1="Condensing"    Type2="Medium">16</Energy>
   <NeighborOrder>2</NeighborOrder>
 </Plugin>

 
 <Steppable Type="BlobInitializer">
   <Gap>0</Gap>
   <Width>5</Width>
   <CellSortInit>yes</CellSortInit>   
   <Radius>40</Radius>
 </Steppable>



</CompuCell3D>
